<?xml version="1.0" encoding="UTF-8"?>
<project-private xmlns="http://www.netbeans.org/ns/project-private/1">
    <editor-bookmarks xmlns="http://www.netbeans.org/ns/editor-bookmarks/2" lastBookmarkId="0"/>
    <open-files xmlns="http://www.netbeans.org/ns/projectui-open-files/2">
        <group>
            <file>file:/home/yulianto/NetBeansProjects/Polimorfisme/src/polimorfisme/Karyawan.java</file>
            <file>file:/home/yulianto/NetBeansProjects/Polimorfisme/src/polimorfisme/KaryawanKontrak.java</file>
            <file>file:/home/yulianto/NetBeansProjects/Polimorfisme/src/polimorfisme/KaryawanTetap.java</file>
            <file>file:/home/yulianto/NetBeansProjects/Polimorfisme/src/polimorfisme/Main.java</file>
        </group>
    </open-files>
</project-private>
